{"stat.walkOneCm":10727,"stat.craftItem.minecraft.planks":28,"stat.useItem.minecraft.egg":1,"stat.leaveGame":3,"stat.pickup.minecraft.crafting_table":1,"stat.mineBlock.minecraft.crafting_table":1,"stat.craftItem.minecraft.crafting_table":1,"stat.mineBlock.minecraft.yellow_flower":1,"stat.useItem.minecraft.wooden_pickaxe":2,"stat.mobKills":3,"stat.mineBlock.minecraft.log":7,"stat.pickup.minecraft.log":7,"stat.flyOneCm":13172,"stat.jump":106,"stat.pickup.minecraft.egg":1,"stat.playOneMinute":10355,"stat.fallOneCm":3044,"stat.killEntity.Sheep":3,"stat.sneakTime":140,"stat.pickup.minecraft.wool":3,"stat.damageDealt":240,"stat.crouchOneCm":520,"stat.timeSinceDeath":10355,"stat.sprintOneCm":5710,"stat.useItem.minecraft.stone_slab2":1,"stat.craftItem.minecraft.wooden_pickaxe":1,"stat.mineBlock.minecraft.stone":2,"stat.pickup.minecraft.mutton":5,"stat.craftItem.minecraft.stick":8,"stat.craftingTableInteraction":4}